name,link,salary,min_salary,max_salary,currency,city,main_link
Программист-разработчик python (midle),https://hh.ru/vacancy/37674249?query=python,"['100', '000', '180', '000', 'руб.']",100000,180000,руб.,Москва,https://hh.ru
Инженер-программист (Python) в отдел интеграции,https://hh.ru/vacancy/38090479?query=python,"['120', '000', '160', '000', 'руб.']",120000,160000,руб.,Москва,https://hh.ru
Middle Python developer,https://hh.ru/vacancy/37833603?query=python,"['до', '400', '000', 'KZT']",,400000,KZT,Алматы,https://hh.ru
Python developer,https://hh.ru/vacancy/38148332?query=python,,,,,Минск,https://hh.ru
Senior Python Developer,https://hh.ru/vacancy/35095020?query=python,,,,,Минск,https://hh.ru
Junior Python специалист,https://hh.ru/vacancy/37900668?query=python,"['50', '000', '70', '000', 'руб.']",50000,70000,руб.,Москва,https://hh.ru
Python-разработчик,https://hh.ru/vacancy/38081405?query=python,"['140', '000', '200', '000', 'руб.']",140000,200000,руб.,Москва,https://hh.ru
Python разработчик,https://hh.ru/vacancy/37483469?query=python,"['150', '000', '220', '000', 'руб.']",150000,220000,руб.,Москва,https://hh.ru
Python-разработчик (Django),https://hh.ru/vacancy/37990060?query=python,"['150', '000', '200', '000', 'руб.']",150000,200000,руб.,Москва,https://hh.ru
Python Developer на бэкенд,https://hh.ru/vacancy/38112756?query=python,"['60', '000', '90', '000', 'руб.']",60000,90000,руб.,Москва,https://hh.ru
Senior Python developer,https://hh.ru/vacancy/30005963?query=python,"['от', '4', '000', 'USD']",4000,,USD,Москва,https://hh.ru
Senior python разработчик,https://hh.ru/vacancy/38090292?query=python,"['180', '000', '220', '000', 'руб.']",180000,220000,руб.,Москва,https://hh.ru
Разработчик Python,https://hh.ru/vacancy/38123256?query=python,"['от', '150', '000', 'руб.']",150000,,руб.,Москва,https://hh.ru
Python Developer,https://hh.ru/vacancy/37913284?query=python,"['от', '115', '000', 'руб.']",115000,,руб.,Санкт-Петербург,https://hh.ru
Back-end разработчик (Python),https://hh.ru/vacancy/37777964?query=python,"['100', '000', '180', '000', 'руб.']",100000,180000,руб.,Екатеринбург,https://hh.ru
Программист Python,https://hh.ru/vacancy/37641296?query=python,"['150', '000', '180', '000', 'руб.']",150000,180000,руб.,Москва,https://hh.ru
"Разработчик автоматических тестов GUI (Python, Squish)",https://hh.ru/vacancy/38036578?query=python,"['от', '3', '000', 'USD']",3000,,USD,Москва,https://hh.ru
Программист C++/Python,https://hh.ru/vacancy/37184106?query=python,"['от', '140', '000', 'руб.']",140000,,руб.,Москва,https://hh.ru
Python-разработчик,https://hh.ru/vacancy/38148713?query=python,"['от', '120', '000', 'руб.']",120000,,руб.,Санкт-Петербург,https://hh.ru
Программист Python,https://hh.ru/vacancy/38157850?query=python,"['180', '000', '250', '000', 'руб.']",180000,250000,руб.,Москва,https://hh.ru
Python разработчик,https://hh.ru/vacancy/37374546?query=python,"['150', '000', '200', '000', 'руб.']",150000,200000,руб.,Москва,https://hh.ru
Программист на Python с базовым знанием С++,https://hh.ru/vacancy/37673701?query=python,"['140', '000', '200', '000', 'руб.']",140000,200000,руб.,Москва,https://hh.ru
Senior Python Backend Developer (Machine Learning),https://hh.ru/vacancy/37369634?query=python,"['от', '250', '000', 'руб.']",250000,,руб.,Москва,https://hh.ru
Разработчик Python + Django,https://hh.ru/vacancy/38127526?query=python,"['120', '000', '180', '000', 'руб.']",120000,180000,руб.,Екатеринбург,https://hh.ru
Python Developer,https://hh.ru/vacancy/38065880?query=python,,,,,Санкт-Петербург,https://hh.ru
Back-end Python/Django разработчик в стартап,https://hh.ru/vacancy/38126998?query=python,"['100', '000', '160', '000', 'руб.']",100000,160000,руб.,Москва,https://hh.ru
Python разработчик (моделирование движения транспорта в крупных городах),https://hh.ru/vacancy/37856031?query=python,"['100', '000', '160', '000', 'руб.']",100000,160000,руб.,Москва,https://hh.ru
Младший Python разработчик / Junior Python Developer (Back-end),https://hh.ru/vacancy/37530724?query=python,,,,,Санкт-Петербург,https://hh.ru
Python Developer на бэкенд,https://hh.ru/vacancy/38112757?query=python,"['60', '000', '90', '000', 'руб.']",60000,90000,руб.,Тверь,https://hh.ru
Python senior developer,https://hh.ru/vacancy/37115745?query=python,"['180', '000', '250', '000', 'руб.']",180000,250000,руб.,Москва,https://hh.ru
Программист Python,https://hh.ru/vacancy/38146237?query=python,"['10', '000', '20', '000', 'руб.']",10000,20000,руб.,Ярославль,https://hh.ru
Python Developer (Numpy/pandas),https://hh.ru/vacancy/38092920?query=python,,,,,Санкт-Петербург,https://hh.ru
Python-разработчик в команду Data Science,https://hh.ru/vacancy/37998939?query=python,,,,,Санкт-Петербург,https://hh.ru
Python разработчик,https://hh.ru/vacancy/37486302?query=python,"['130', '000', '220', '000', 'руб.']",130000,220000,руб.,Москва,https://hh.ru
Программист Python,https://hh.ru/vacancy/38157875?query=python,"['150', '000', '200', '000', 'руб.']",150000,200000,руб.,Москва,https://hh.ru
Программист Python,https://hh.ru/vacancy/37953250?query=python,,,,,Санкт-Петербург,https://hh.ru
Python-разработчик системы защиты,https://hh.ru/vacancy/37571622?query=python,"['от', '150', '000', 'руб.']",150000,,руб.,Санкт-Петербург,https://hh.ru
Python Lead Engineer,https://hh.ru/vacancy/37642858?query=python,"['210', '000', '260', '000', 'руб.']",210000,260000,руб.,Санкт-Петербург,https://hh.ru
Python developer,https://hh.ru/vacancy/38088229?query=python,"['2', '500', '3', '500', 'USD']",2500,3500,USD,Нижний Новгород,https://hh.ru
Программист Python 3.0+,https://hh.ru/vacancy/38091195?query=python,,,,,Москва,https://hh.ru
Разработчик Python (удаленная работа),https://hh.ru/vacancy/38145341?query=python,"['от', '130', '000', 'руб.']",130000,,руб.,Москва,https://hh.ru
Программист Python,https://hh.ru/vacancy/38106530?query=python,,,,,Москва,https://hh.ru
Разработчик Python,https://hh.ru/vacancy/38090770?query=python,"['от', '60', '000', 'руб.']",60000,,руб.,Москва,https://hh.ru
Junior Python разработчик,https://hh.ru/vacancy/37939109?query=python,,,,,Москва,https://hh.ru
Начинающий backend-разработчик (Python),https://hh.ru/vacancy/36774670?query=python,,,,,Санкт-Петербург,https://hh.ru
Программист Python,https://hh.ru/vacancy/36541868?query=python,"['100', '000', '150', '000', 'руб.']",100000,150000,руб.,Челябинск,https://hh.ru
Программист Python,https://hh.ru/vacancy/37402770?query=python,"['от', '150', '000', 'руб.']",150000,,руб.,Москва,https://hh.ru
Backend Developer (Python),https://hh.ru/vacancy/37808186?query=python,"['60', '000', '90', '000', 'руб.']",60000,90000,руб.,Москва,https://hh.ru
Python developer удаленно,https://hh.ru/vacancy/37227093?query=python,"['150', '000', '200', '000', 'руб.']",150000,200000,руб.,Краснодар,https://hh.ru
Backend разработчик на python,https://hh.ru/vacancy/37962587?query=python,"['от', '80', '000', 'руб.']",80000,,руб.,Москва,https://hh.ru
Python-разработчик (Django),https://superjob.ru/vakansii/python-razrabotchik-34179289.html,"['до', '200', '000', 'руб.']",,200000,руб.,Москва,https://superjob.ru
Software / Solutions Architect with Python,https://superjob.ru/vakansii/software-34036604.html,,,,,Москва,https://superjob.ru
Преподаватель по курсу (Python для машинного обучения),https://superjob.ru/vakansii/prepodavatel-po-kursu-32448389.html,,,,,Москва,https://superjob.ru
Веб-программист Python,https://superjob.ru/vakansii/veb-programmist-python-34136472.html,,,,,Москва,https://superjob.ru
Python Developer,https://superjob.ru/vakansii/python-developer-34168955.html,"['160', '000', '—', '200', '000', 'руб.']",160000,—200,руб.,Москва,https://superjob.ru
Python developer,https://superjob.ru/vakansii/python-developer-34181571.html,"['150', '000', '—', '180', '000', 'руб.']",150000,—180,руб.,Москва,https://superjob.ru
Python developer,https://superjob.ru/vakansii/python-developer-34103348.html,"['180', '000', '—', '200', '000', 'руб.']",180000,—200,руб.,Москва,https://superjob.ru
Full-stack-веб-программист python/javascript,https://superjob.ru/vakansii/full-stack-veb-programmist-python-33998693.html,,,,,Москва,https://superjob.ru
PHP-программист,https://superjob.ru/vakansii/php-programmist-34186505.html,"['100', '000', '—', '120', '000', 'руб.']",100000,—120,руб.,Москва,https://superjob.ru
Аналитик данных (Data Analyst/Data Scientist),https://superjob.ru/vakansii/analitik-dannyh-34086302.html,,,,,Москва,https://superjob.ru
Специалист АСУ ТП,https://superjob.ru/vakansii/specialist-asu-tp-34139551.html,,,,,Москва,https://superjob.ru
"Системный администратор, IT-специалист",https://superjob.ru/vakansii/sistemnyj-administrator-34043930.html,"['от', '80', '000', 'руб.']",80000,,руб.,Москва,https://superjob.ru
Администратор приложений hadoop,https://superjob.ru/vakansii/administrator-prilozhenij-hadoop-34185710.html,,,,,Москва,https://superjob.ru
Ведущий системный администратор,https://superjob.ru/vakansii/veduschij-sistemnyj-administrator-33495886.html,,,,,Москва,https://superjob.ru
Разработчик СУБД Greenplum /PosgreSQL,https://superjob.ru/vakansii/razrabotchik-subd-greenplum-34093903.html,,,,,Москва,https://superjob.ru
Data Scientist,https://superjob.ru/vakansii/data-scientist-34106148.html,,,,,Москва,https://superjob.ru
Специалист сектора операционной эффективности ресурсов,https://superjob.ru/vakansii/specialist-sektora-operacionnoj-effektivnosti-resursov-31814280.html,"['от', '50', '000', 'руб.']",50000,,руб.,Москва,https://superjob.ru
Программист Linux,https://superjob.ru/vakansii/programmist-linux-34183164.html,"['100', '000', '—', '125', '000', 'руб.']",100000,—125,руб.,Москва,https://superjob.ru
Data Engineer,https://superjob.ru/vakansii/data-engineer-34099004.html,,,,,Москва,https://superjob.ru
DevOps/Linux-инженер,https://superjob.ru/vakansii/devops-34083636.html,"['от', '80', '000', 'руб.']",80000,,руб.,Москва,https://superjob.ru
Разработчик Python Backend,https://hh.ru/vacancy/37988131?query=python,"['от', '150', '000', 'руб.']",150000,,руб.,Москва,https://hh.ru
Senior/ Программист Python,https://hh.ru/vacancy/37951732?query=python,"['от', '150', '000', 'руб.']",150000,,руб.,Санкт-Петербург,https://hh.ru
Программист Python,https://hh.ru/vacancy/37983959?query=python,"['от', '100', '000', 'руб.']",100000,,руб.,Москва,https://hh.ru
Программист Python / С++,https://hh.ru/vacancy/37935113?query=python,"['от', '120', '000', 'руб.']",120000,,руб.,Воронеж,https://hh.ru
Python developer,https://hh.ru/vacancy/36267290?query=python,"['150', '000', '200', '000', 'руб.']",150000,200000,руб.,Санкт-Петербург,https://hh.ru
Python developer (удаленно),https://hh.ru/vacancy/37227127?query=python,"['150', '000', '200', '000', 'руб.']",150000,200000,руб.,Томск,https://hh.ru
Программист Python,https://hh.ru/vacancy/36541983?query=python,"['100', '000', '150', '000', 'руб.']",100000,150000,руб.,Екатеринбург,https://hh.ru
Junior Python Developer (разработчик),https://hh.ru/vacancy/37928725?query=python,,,,,Санкт-Петербург,https://hh.ru
Программист Python,https://hh.ru/vacancy/38122267?query=python,"['от', '120', '000', 'руб.']",120000,,руб.,Москва,https://hh.ru
"Full-stack разработчик (Python, JavaScript)",https://hh.ru/vacancy/38088239?query=python,"['70', '000', '180', '000', 'руб.']",70000,180000,руб.,Москва,https://hh.ru
Backend разработчик (Python),https://hh.ru/vacancy/37340422?query=python,"['от', '100', '000', 'руб.']",100000,,руб.,Ульяновск,https://hh.ru
Программист Python,https://hh.ru/vacancy/36774840?query=python,"['75', '000', '120', '000', 'руб.']",75000,120000,руб.,Севастополь,https://hh.ru
Python developer (удаленно),https://hh.ru/vacancy/37227109?query=python,"['150', '000', '200', '000', 'руб.']",150000,200000,руб.,Новосибирск,https://hh.ru
Ведущий программист Python,https://hh.ru/vacancy/37248482?query=python,"['160', '000', '245', '000', 'руб.']",160000,245000,руб.,Новосибирск,https://hh.ru
C++/python разработчик,https://hh.ru/vacancy/36742022?query=python,"['от', '100', '000', 'руб.']",100000,,руб.,Ростов-на-Дону,https://hh.ru
Django разработчик (python),https://hh.ru/vacancy/37673751?query=python,"['до', '150', '000', 'руб.']",,150000,руб.,Москва,https://hh.ru
Python разработчик,https://hh.ru/vacancy/38079250?query=python,"['от', '80', '000', 'руб.']",80000,,руб.,Нижний Новгород,https://hh.ru
Senior Python Developer,https://hh.ru/vacancy/37003043?query=python,"['от', '180', '000', 'руб.']",180000,,руб.,Санкт-Петербург,https://hh.ru
Web-разработчик на Python,https://hh.ru/vacancy/37757725?query=python,"['от', '140', '000', 'руб.']",140000,,руб.,Москва,https://hh.ru
Python-разработчик,https://hh.ru/vacancy/38147288?query=python,"['до', '107', '000', 'руб.']",,107000,руб.,Краснодар,https://hh.ru
"Программист Full Stack, Python",https://hh.ru/vacancy/37877937?query=python,,,,,Вологда,https://hh.ru
Backend разработчик (Python),https://hh.ru/vacancy/38042145?query=python,"['1', '000', '2', '000', 'USD']",1000,2000,USD,Санкт-Петербург,https://hh.ru
Python Backend Developer,https://hh.ru/vacancy/37642402?query=python,"['110', '000', '160', '000', 'руб.']",110000,160000,руб.,Москва,https://hh.ru
Разработчик Python,https://hh.ru/vacancy/38121617?query=python,,,,,Санкт-Петербург,https://hh.ru
Python developer удаленно,https://hh.ru/vacancy/37227103?query=python,"['150', '000', '200', '000', 'руб.']",150000,200000,руб.,Екатеринбург,https://hh.ru
Backend-разработчик на Python,https://hh.ru/vacancy/37901764?query=python,,,,,Екатеринбург,https://hh.ru
QA Automation Engineer (Python),https://hh.ru/vacancy/35419959?query=python,"['от', '3', '000', 'USD']",3000,,USD,Москва,https://hh.ru
Разработчик web-приложений Python,https://hh.ru/vacancy/37827508?query=python,"['80', '000', '240', '000', 'руб.']",80000,240000,руб.,Санкт-Петербург,https://hh.ru
Python 2.7 developer midlle,https://hh.ru/vacancy/38141831?query=python,"['2', '500', '3', '500', 'USD']",2500,3500,USD,Нижний Новгород,https://hh.ru
Python junior developer,https://hh.ru/vacancy/38143891?query=python,,,,,Липецк,https://hh.ru
Python-разработчик,https://hh.ru/vacancy/37789829?query=python,"['от', '60', '000', 'руб.']",60000,,руб.,Екатеринбург,https://hh.ru
Backend разработчик на python,https://hh.ru/vacancy/37698711?query=python,"['от', '100', '000', 'руб.']",100000,,руб.,Москва,https://hh.ru
Python middle developer,https://hh.ru/vacancy/36449432?query=python,"['120', '000', '160', '000', 'руб.']",120000,160000,руб.,Москва,https://hh.ru
Программист Python (Senior) remote,https://hh.ru/vacancy/38042694?query=python,"['2', '500', '5', '500', 'USD']",2500,5500,USD,Москва,https://hh.ru
Python developer удаленно,https://hh.ru/vacancy/37227041?query=python,"['150', '000', '200', '000', 'руб.']",150000,200000,руб.,Санкт-Петербург,https://hh.ru
Программист Python,https://hh.ru/vacancy/36774885?query=python,"['70', '000', '110', '000', 'руб.']",70000,110000,руб.,Рыбинск,https://hh.ru
Python разработчик,https://hh.ru/vacancy/38132138?query=python,"['до', '150', '000', 'руб.']",,150000,руб.,Екатеринбург,https://hh.ru
Python developer,https://hh.ru/vacancy/36267171?query=python,"['150', '000', '200', '000', 'руб.']",150000,200000,руб.,Москва,https://hh.ru
Разработчик Python,https://hh.ru/vacancy/38136431?query=python,,,,,Минск,https://hh.ru
Python Backend Разработчик,https://hh.ru/vacancy/37925567?query=python,"['25', '000', '40', '000', 'руб.']",25000,40000,руб.,Казань,https://hh.ru
Back-End Python разработчик (Middle/Senior),https://hh.ru/vacancy/38019682?query=python,"['160', '000', '220', '000', 'руб.']",160000,220000,руб.,Санкт-Петербург,https://hh.ru
Стажер-разработчик Python,https://hh.ru/vacancy/38007520?query=python,"['50', '000', '80', '000', 'руб.']",50000,80000,руб.,Севастополь,https://hh.ru
Разработчик C/Python,https://hh.ru/vacancy/35216674?query=python,,,,,Москва,https://hh.ru
Senior Python developer,https://hh.ru/vacancy/38087204?query=python,"['160', '000', '220', '000', 'руб.']",160000,220000,руб.,Санкт-Петербург,https://hh.ru
Программист Python (прикладная математика),https://hh.ru/vacancy/37920782?query=python,"['30', '000', '50', '000', 'руб.']",30000,50000,руб.,Ростов-на-Дону,https://hh.ru
Python-разработчик,https://hh.ru/vacancy/38064957?query=python,"['20', '000', '70', '000', 'руб.']",20000,70000,руб.,Уфа,https://hh.ru
Программист Python,https://hh.ru/vacancy/37859951?query=python,"['от', '70', '000', 'руб.']",70000,,руб.,Екатеринбург,https://hh.ru
Стажер-программист Python,https://hh.ru/vacancy/37994762?query=python,"['от', '45', '000', 'руб.']",45000,,руб.,Казань,https://hh.ru
Python разработчик,https://hh.ru/vacancy/37858293?query=python,"['от', '90', '000', 'руб.']",90000,,руб.,Новосибирск,https://hh.ru
Python разработчик,https://hh.ru/vacancy/37685810?query=python,"['до', '60', '000', 'руб.']",,60000,руб.,Екатеринбург,https://hh.ru
Python-разработчик (Django),https://superjob.ru/vakansii/python-razrabotchik-34179289.html,"['до', '200', '000', 'руб.']",,200000,руб.,Москва,https://superjob.ru
Software / Solutions Architect with Python,https://superjob.ru/vakansii/software-34036604.html,,,,,Москва,https://superjob.ru
Преподаватель по курсу (Python для машинного обучения),https://superjob.ru/vakansii/prepodavatel-po-kursu-32448389.html,,,,,Москва,https://superjob.ru
Веб-программист Python,https://superjob.ru/vakansii/veb-programmist-python-34136472.html,,,,,Москва,https://superjob.ru
Python Developer,https://superjob.ru/vakansii/python-developer-34168955.html,"['160', '000', '—', '200', '000', 'руб.']",160000,—200,руб.,Москва,https://superjob.ru
Python developer,https://superjob.ru/vakansii/python-developer-34181571.html,"['150', '000', '—', '180', '000', 'руб.']",150000,—180,руб.,Москва,https://superjob.ru
Python developer,https://superjob.ru/vakansii/python-developer-34103348.html,"['180', '000', '—', '200', '000', 'руб.']",180000,—200,руб.,Москва,https://superjob.ru
Full-stack-веб-программист python/javascript,https://superjob.ru/vakansii/full-stack-veb-programmist-python-33998693.html,,,,,Москва,https://superjob.ru
PHP-программист,https://superjob.ru/vakansii/php-programmist-34186505.html,"['100', '000', '—', '120', '000', 'руб.']",100000,—120,руб.,Москва,https://superjob.ru
Аналитик данных (Data Analyst/Data Scientist),https://superjob.ru/vakansii/analitik-dannyh-34086302.html,,,,,Москва,https://superjob.ru
Специалист АСУ ТП,https://superjob.ru/vakansii/specialist-asu-tp-34139551.html,,,,,Москва,https://superjob.ru
"Системный администратор, IT-специалист",https://superjob.ru/vakansii/sistemnyj-administrator-34043930.html,"['от', '80', '000', 'руб.']",80000,,руб.,Москва,https://superjob.ru
Администратор приложений hadoop,https://superjob.ru/vakansii/administrator-prilozhenij-hadoop-34185710.html,,,,,Москва,https://superjob.ru
Ведущий системный администратор,https://superjob.ru/vakansii/veduschij-sistemnyj-administrator-33495886.html,,,,,Москва,https://superjob.ru
Разработчик СУБД Greenplum /PosgreSQL,https://superjob.ru/vakansii/razrabotchik-subd-greenplum-34093903.html,,,,,Москва,https://superjob.ru
Data Scientist,https://superjob.ru/vakansii/data-scientist-34106148.html,,,,,Москва,https://superjob.ru
Специалист сектора операционной эффективности ресурсов,https://superjob.ru/vakansii/specialist-sektora-operacionnoj-effektivnosti-resursov-31814280.html,"['от', '50', '000', 'руб.']",50000,,руб.,Москва,https://superjob.ru
Программист Linux,https://superjob.ru/vakansii/programmist-linux-34183164.html,"['100', '000', '—', '125', '000', 'руб.']",100000,—125,руб.,Москва,https://superjob.ru
Data Engineer,https://superjob.ru/vakansii/data-engineer-34099004.html,,,,,Москва,https://superjob.ru
DevOps/Linux-инженер,https://superjob.ru/vakansii/devops-34083636.html,"['от', '80', '000', 'руб.']",80000,,руб.,Москва,https://superjob.ru
Разработчик Python,https://hh.ru/vacancy/38142885?query=python,,,,,Екатеринбург,https://hh.ru
"Backend-разработчик (Python, частичная занятость)",https://hh.ru/vacancy/38075098?query=python,,,,,Москва,https://hh.ru
Разработчик Python,https://hh.ru/vacancy/37706591?query=python,,,,,Москва,https://hh.ru
Программист Python,https://hh.ru/vacancy/37822262?query=python,,,,,Ижевск,https://hh.ru
Программист Python,https://hh.ru/vacancy/37836538?query=python,"['от', '80', '000', 'руб.']",80000,,руб.,Екатеринбург,https://hh.ru
Python developer,https://hh.ru/vacancy/38000496?query=python,,,,,Казань,https://hh.ru
Backend-разработчик / Python developer,https://hh.ru/vacancy/37641098?query=python,"['70', '000', '135', '000', 'руб.']",70000,135000,руб.,Москва,https://hh.ru
Backend Developer JS + Python (Django),https://hh.ru/vacancy/37961734?query=python,,,,,Москва,https://hh.ru
Программист Python,https://hh.ru/vacancy/37045645?query=python,"['до', '200', '000', 'руб.']",,200000,руб.,Москва,https://hh.ru
Automation QA Engineer (Python),https://hh.ru/vacancy/37445343?query=python,"['до', '170', '000', 'руб.']",,170000,руб.,Москва,https://hh.ru
Разработчик Python,https://hh.ru/vacancy/38037181?query=python,"['от', '45', '000', 'руб.']",45000,,руб.,Саранск,https://hh.ru
Senior Python Developer,https://hh.ru/vacancy/37996813?query=python,"['180', '000', '200', '000', 'руб.']",180000,200000,руб.,Москва,https://hh.ru
GIS Engineer / Python Developer,https://hh.ru/vacancy/37635703?query=python,"['60', '000', '80', '000', 'руб.']",60000,80000,руб.,Санкт-Петербург,https://hh.ru
Разработчик Python,https://hh.ru/vacancy/37748451?query=python,,,,,Москва,https://hh.ru
Разработчик на Python,https://hh.ru/vacancy/37993806?query=python,"['от', '40', '000', 'руб.']",40000,,руб.,Новосибирск,https://hh.ru
Python developer,https://hh.ru/vacancy/36497978?query=python,"['80', '000', '130', '000', 'руб.']",80000,130000,руб.,Новосибирск,https://hh.ru
Программист (Python),https://hh.ru/vacancy/37770204?query=python,,,,,Ижевск,https://hh.ru
Программист Python(Django),https://hh.ru/vacancy/38054244?query=python,,,,,Москва,https://hh.ru
Программист Python (Senior/TeamLead),https://hh.ru/vacancy/38081205?query=python,"['от', '150', '000', 'руб.']",150000,,руб.,Москва,https://hh.ru
Программист Python / С++,https://hh.ru/vacancy/37934710?query=python,"['от', '120', '000', 'руб.']",120000,,руб.,Москва,https://hh.ru
Django/Python Developer,https://hh.ru/vacancy/37968627?query=python,"['до', '130', '000', 'руб.']",,130000,руб.,Казань,https://hh.ru
Программист Python,https://hh.ru/vacancy/38128508?query=python,"['50', '000', '100', '000', 'руб.']",50000,100000,руб.,Воронеж,https://hh.ru
Python Developer,https://hh.ru/vacancy/38066375?query=python,,,,,Санкт-Петербург,https://hh.ru
Middle Python Developer,https://hh.ru/vacancy/38126300?query=python,"['до', '800', '000', 'KZT']",,800000,KZT,Алматы,https://hh.ru
Python-разработчик,https://hh.ru/vacancy/36487148?query=python,,,,,Москва,https://hh.ru
Программист с знанием языка Python и C#,https://hh.ru/vacancy/38042345?query=python,"['80', '000', '110', '000', 'руб.']",80000,110000,руб.,Москва,https://hh.ru
Программист-разработчик Python/Django,https://hh.ru/vacancy/37836255?query=python,,,,,Москва,https://hh.ru
Python developer,https://hh.ru/vacancy/37609721?query=python,,,,,Москва,https://hh.ru
Python/Django разработчик,https://hh.ru/vacancy/37719390?query=python,"['от', '70', '000', 'руб.']",70000,,руб.,Москва,https://hh.ru
Программист Python,https://hh.ru/vacancy/37680105?query=python,,,,,Казань,https://hh.ru
Стажер-разработчик Python,https://hh.ru/vacancy/37994721?query=python,"['от', '45', '000', 'руб.']",45000,,руб.,Казань,https://hh.ru
Python-разработчик,https://hh.ru/vacancy/37883010?query=python,,,,,Ростов-на-Дону,https://hh.ru
Middle/Senior python developer,https://hh.ru/vacancy/37312749?query=python,"['120', '000', '200', '000', 'руб.']",120000,200000,руб.,Москва,https://hh.ru
Python разработчик (backend),https://hh.ru/vacancy/38109909?query=python,,,,,Москва,https://hh.ru
Backend-разработчик / Python developer,https://hh.ru/vacancy/37957150?query=python,"['70', '000', '135', '000', 'руб.']",70000,135000,руб.,Воронеж,https://hh.ru
Разработчик Python,https://hh.ru/vacancy/37784877?query=python,,,,,Москва,https://hh.ru
Data Engineer (python),https://hh.ru/vacancy/38100716?query=python,,,,,Москва,https://hh.ru
Senior/Teamlead Python developer,https://hh.ru/vacancy/37900432?query=python,"['до', '300', '000', 'руб.']",,300000,руб.,Санкт-Петербург,https://hh.ru
Python Developer (Vitebsk),https://hh.ru/vacancy/37615496?query=python,,,,,Витебск,https://hh.ru
Python developer,https://hh.ru/vacancy/37788379?query=python,"['до', '200', '000', 'руб.']",,200000,руб.,Москва,https://hh.ru
Python разработчик,https://hh.ru/vacancy/38011607?query=python,"['100', '000', '180', '000', 'руб.']",100000,180000,руб.,Москва,https://hh.ru
Программист Python,https://hh.ru/vacancy/37783081?query=python,"['до', '96', '000', 'руб.']",,96000,руб.,Саратов,https://hh.ru
Программист (Python),https://hh.ru/vacancy/36475390?query=python,,,,,Самара,https://hh.ru
Python/Django разработчик,https://hh.ru/vacancy/35110031?query=python,,,,,Томск,https://hh.ru
Backend-разработчик (Python),https://hh.ru/vacancy/36486397?query=python,,,,,Ростов-на-Дону,https://hh.ru
Ведущий программист (Python),https://hh.ru/vacancy/37729816?query=python,,,,,Москва,https://hh.ru
Python Developer,https://hh.ru/vacancy/34767945?query=python,"['от', '200', '000', 'руб.']",200000,,руб.,Санкт-Петербург,https://hh.ru
Разработчик Python,https://hh.ru/vacancy/36593364?query=python,,,,,Москва,https://hh.ru
Python Developer,https://hh.ru/vacancy/37820640?query=python,,,,,Нижний Новгород,https://hh.ru
Ведущий программист Python,https://hh.ru/vacancy/38117540?query=python,"['45', '000', '90', '000', 'руб.']",45000,90000,руб.,Чебоксары,https://hh.ru
Старший инженер по автоматизации тестирования (Python),https://superjob.ru/vakansii/starshij-inzhener-po-avtomatizacii-testirovaniya-34034531.html,,,,,Москва,https://superjob.ru
Аналитик решений для моделирования hadoop,https://superjob.ru/vakansii/analitik-reshenij-dlya-modelirovaniya-hadoop-34185550.html,,,,,Москва,https://superjob.ru
Разработчик Java (senior),https://superjob.ru/vakansii/razrabotchik-java-34093245.html,,,,,Москва,https://superjob.ru
Web-аналитик,https://superjob.ru/vakansii/web-analitik-33473129.html,"['100', '000', '—', '120', '000', 'руб.']",100000,—120,руб.,Москва,https://superjob.ru
Go developer,https://superjob.ru/vakansii/go-developer-34127774.html,"['до', '300', '000', 'руб.']",,300000,руб.,Москва,https://superjob.ru
Заместитель главного инженера по инфраструктуре,https://superjob.ru/vakansii/zamestitel-glavnogo-inzhenera-po-infrastrukture-34082308.html,,,,,Москва,https://superjob.ru
Junior C/C++ Developer,https://superjob.ru/vakansii/junior-c-33932788.html,,,,,Москва,https://superjob.ru
Senior Backend Developer,https://superjob.ru/vakansii/senior-backend-developer-34069324.html,,,,,Москва,https://superjob.ru
DevOps инженер,https://superjob.ru/vakansii/devops-inzhener-34131600.html,,,,,Москва,https://superjob.ru
Преподаватель компьютерных IT курсов и дизайна,https://superjob.ru/vakansii/prepodavatel-kompyuternyh-it-kursov-i-dizajna-34090670.html,"['до', '150', '000', 'руб.']",,150000,руб.,Москва,https://superjob.ru
Биомедицинский статистик,https://superjob.ru/vakansii/biomedicinskij-statistik-33970231.html,"['от', '80', '000', 'руб.']",80000,,руб.,Москва,https://superjob.ru
DevOps Engineer,https://superjob.ru/vakansii/devops-engineer-34158865.html,,,,,Москва,https://superjob.ru
Инженер по системам ИТ-мониторинга,https://superjob.ru/vakansii/inzhener-po-sistemam-it-monitoringa-34053494.html,"['180', '000', '—', '200', '000', 'руб.']",180000,—200,руб.,Москва,https://superjob.ru
Инженер-программист,https://superjob.ru/vakansii/inzhener-programmist-30030397.html,"['от', '50', '000', 'руб.']",50000,,руб.,Москва,https://superjob.ru
BI-аналитик (программист),https://superjob.ru/vakansii/bi-analitik-34065795.html,,,,,Москва,https://superjob.ru
Учитель информатики,https://superjob.ru/vakansii/uchitel-informatiki-32382712.html,"['от', '78', '000', 'руб.']",78000,,руб.,Москва,https://superjob.ru
Remote Senior C++ developer (удаленно),https://superjob.ru/vakansii/remote-senior-c-34177218.html,"['до', '200', '000', 'руб.']",,200000,руб.,Москва,https://superjob.ru
Backend-разработчик,https://superjob.ru/vakansii/backend-razrabotchik-34111905.html,,,,,Москва,https://superjob.ru
Учитель информатики,https://superjob.ru/vakansii/uchitel-informatiki-34134142.html,,,,,Москва,https://superjob.ru
"Педагог дополнительного образования (робототехника, 3D-моделирование)",https://superjob.ru/vakansii/pedagog-dopolnitelnogo-obrazovaniya-31937976.html,,,,,Москва,https://superjob.ru
Python-разработчик,https://hh.ru/vacancy/36960878?query=python,,,,,Екатеринбург,https://hh.ru
QA Engineer / Тестировщик (Python),https://hh.ru/vacancy/38112830?query=python,"['от', '40', '000', 'руб.']",40000,,руб.,Томск,https://hh.ru
Junior Python developer в Вологде,https://hh.ru/vacancy/38121351?query=python,,,,,Вологда,https://hh.ru
Python + Go разработчик (можно удаленно),https://hh.ru/vacancy/37662205?query=python,"['до', '180', '000', 'руб.']",,180000,руб.,Москва,https://hh.ru
Программист Python,https://hh.ru/vacancy/34608956?query=python,,,,,Москва,https://hh.ru
Разработчик Python,https://hh.ru/vacancy/37545437?query=python,,,,,Москва,https://hh.ru
Python Developer (Fin-tech),https://hh.ru/vacancy/37958542?query=python,"['500', '900', 'USD']",,,USD,Киев,https://hh.ru
Junior Back-end разработчик (Scala/Python),https://hh.ru/vacancy/37994772?query=python,"['60', '000', '110', '000', 'руб.']",60000,110000,руб.,Москва,https://hh.ru
"Full Stack разработчик (Python, React, PostgreSQL)",https://hh.ru/vacancy/37872153?query=python,"['от', '150', '000', 'руб.']",150000,,руб.,Москва,https://hh.ru
Senior Python разработчик,https://hh.ru/vacancy/37951863?query=python,,,,,Москва,https://hh.ru
Senior Python Engineer,https://hh.ru/vacancy/37661352?query=python,"['160', '000', '210', '000', 'руб.']",160000,210000,руб.,Санкт-Петербург,https://hh.ru
Web Developer (Python/Django),https://hh.ru/vacancy/38026307?query=python,"['70', '000', '100', '000', 'руб.']",70000,100000,руб.,Санкт-Петербург,https://hh.ru
Разработчик Python,https://hh.ru/vacancy/36711877?query=python,,,,,Москва,https://hh.ru
Python developer (готовность к переезду в Москву),https://hh.ru/vacancy/37637328?query=python,,,,,Санкт-Петербург,https://hh.ru
Разработчик Python,https://hh.ru/vacancy/36338977?query=python,,,,,Москва,https://hh.ru
Программист Python,https://hh.ru/vacancy/38155917?query=python,"['75', '000', '120', '000', 'руб.']",75000,120000,руб.,Екатеринбург,https://hh.ru
Senior Python Developer,https://hh.ru/vacancy/37939805?query=python,"['90', '000', '150', '000', 'руб.']",90000,150000,руб.,Москва,https://hh.ru
"Разработчик программист C++, Python, PHP, C#//NET, Ruby",https://hh.ru/vacancy/37802754?query=python,"['до', '200', '000', 'руб.']",,200000,руб.,Санкт-Петербург,https://hh.ru
Python разработчик,https://hh.ru/vacancy/37765040?query=python,,,,,Москва,https://hh.ru
Python-разработчик,https://hh.ru/vacancy/38026887?query=python,,,,,Уфа,https://hh.ru
Python разработчик/программист (Middle Python Developer),https://hh.ru/vacancy/37500870?query=python,"['от', '160', '000', 'руб.']",160000,,руб.,Москва,https://hh.ru
"Backend-разработчик (PHP, Node.js, Go, Python)",https://hh.ru/vacancy/37667534?query=python,"['40', '000', '180', '000', 'руб.']",40000,180000,руб.,Тольятти,https://hh.ru
Backend Developer (Python),https://hh.ru/vacancy/38012648?query=python,,,,,Санкт-Петербург,https://hh.ru
Fullstack Python develover / Разработчик Python/Django,https://hh.ru/vacancy/37715002?query=python,,,,,Москва,https://hh.ru
Python разработчик,https://hh.ru/vacancy/38088133?query=python,,,,,Москва,https://hh.ru
Python (Back-end) Developer,https://hh.ru/vacancy/36677020?query=python,,,,,Минск,https://hh.ru
Senior Python Developer (to Riga),https://hh.ru/vacancy/37740511?query=python,,,,,Москва,https://hh.ru
Python developer,https://hh.ru/vacancy/37636916?query=python,,,,,Москва,https://hh.ru
Pyth‎on Developer,https://hh.ru/vacancy/37430732?query=python,,,,,Москва,https://hh.ru
Python-разработчик аналитической системы,https://hh.ru/vacancy/37600781?query=python,,,,,Москва,https://hh.ru
Python developer (Web Development),https://hh.ru/vacancy/38144196?query=python,,,,,Москва,https://hh.ru
Python Developer,https://hh.ru/vacancy/34631264?query=python,,,,,Казань,https://hh.ru
Backend-разработчик (Python),https://hh.ru/vacancy/36486395?query=python,,,,,Новочеркасск,https://hh.ru
Middle Python Developer,https://hh.ru/vacancy/37847563?query=python,,,,,Минск,https://hh.ru
Инженер по автоматизации тестирования / Python разработчик,https://hh.ru/vacancy/37169502?query=python,,,,,Москва,https://hh.ru
Python developer,https://hh.ru/vacancy/36679925?query=python,,,,,Москва,https://hh.ru
Программист Python,https://hh.ru/vacancy/38176698?query=python,,,,,Уфа,https://hh.ru
Python разработчик (Big Data),https://hh.ru/vacancy/37700368?query=python,,,,,Москва,https://hh.ru
Backend Python Developer,https://hh.ru/vacancy/38130172?query=python,,,,,Омск,https://hh.ru
Python Data Engineer,https://hh.ru/vacancy/37658579?query=python,,,,,Минск,https://hh.ru
Программист Python,https://hh.ru/vacancy/37989255?query=python,"['110', '000', '160', '000', 'руб.']",110000,160000,руб.,Казань,https://hh.ru
Python developer,https://hh.ru/vacancy/37992447?query=python,,,,,Новосибирск,https://hh.ru
Разработчик Python,https://hh.ru/vacancy/35871016?query=python,,,,,Москва,https://hh.ru
Middle Python developer,https://hh.ru/vacancy/38102801?query=python,,,,,Санкт-Петербург,https://hh.ru
Senior Python Developer,https://hh.ru/vacancy/35414303?query=python,,,,,Воронеж,https://hh.ru
.NET/Python/ML разработчик,https://hh.ru/vacancy/33892617?query=python,,,,,Ижевск,https://hh.ru
Backend (python) developer,https://hh.ru/vacancy/36240785?query=python,,,,,Барнаул,https://hh.ru
Python - разработчик,https://hh.ru/vacancy/38080506?query=python,,,,,Москва,https://hh.ru
Python developer (готовность к переезду в Москву),https://hh.ru/vacancy/37637327?query=python,,,,,Казань,https://hh.ru
"Junior Full-stack web-developer (Python, Vue)",https://hh.ru/vacancy/35184848?query=python,,,,,Ярославль,https://hh.ru
Старший инженер DevOps,https://superjob.ru/vakansii/starshij-inzhener-devops-34036349.html,,,,,Москва,https://superjob.ru
Разработчик hadoop,https://superjob.ru/vakansii/razrabotchik-hadoop-34185022.html,,,,,Москва,https://superjob.ru
Главный аудитор,https://superjob.ru/vakansii/glavnyj-auditor-34161906.html,,,,,Москва,https://superjob.ru
QA-специалист,https://superjob.ru/vakansii/qa-specialist-34111890.html,,,,,Москва,https://superjob.ru
Системный администратор,https://superjob.ru/vakansii/sistemnyj-administrator-34169200.html,,,,,Москва,https://superjob.ru
QA engineer (тестировщик),https://superjob.ru/vakansii/qa-engineer-34017290.html,,,,,Москва,https://superjob.ru
Учитель информатики,https://superjob.ru/vakansii/uchitel-informatiki-31060829.html,,,,,Москва,https://superjob.ru
"Системный администратор, IT-специалист, программист",https://superjob.ru/vakansii/sistemnyj-administrator-33845400.html,"['90', '000', '—', '100', '000', 'руб.']",90000,—100,руб.,Москва,https://superjob.ru
DevOps-инженер,https://superjob.ru/vakansii/devops-inzhener-33996076.html,,,,,Москва,https://superjob.ru
Аналитик,https://superjob.ru/vakansii/analitik-31183225.html,,,,,Москва,https://superjob.ru
Учитель информатики,https://superjob.ru/vakansii/uchitel-informatiki-34123084.html,,,,,Москва,https://superjob.ru
"Web-программист, Web-разработчик (удалённо)",https://superjob.ru/vakansii/web-programmist-33921626.html,"['от', '30', '000', 'руб.']",30000,,руб.,Москва,https://superjob.ru
Биоинформатик,https://superjob.ru/vakansii/bioinformatik-34116304.html,,,,,Москва,https://superjob.ru
Педагог дополнительного образования по информатике,https://superjob.ru/vakansii/pedagog-dopolnitelnogo-obrazovaniya-po-informatike-27016994.html,,,,,Москва,https://superjob.ru
Инженер DevOps,https://superjob.ru/vakansii/inzhener-devops-34114600.html,,,,,Москва,https://superjob.ru
Учитель информатики,https://superjob.ru/vakansii/uchitel-informatiki-27807302.html,,,,,Москва,https://superjob.ru
Big Data Developer (Palantir Foundry),https://superjob.ru/vakansii/big-data-developer-34036428.html,,,,,Москва,https://superjob.ru
Kotlin Team Lead Developer,https://superjob.ru/vakansii/kotlin-team-lead-developer-34036667.html,,,,,Москва,https://superjob.ru
Старший архитектор Big Data,https://superjob.ru/vakansii/starshij-arhitektor-big-data-34043847.html,,,,,Москва,https://superjob.ru
Senior Build Engineer,https://superjob.ru/vakansii/senior-build-engineer-34036589.html,,,,,Москва,https://superjob.ru
Senior Python Developer,https://hh.ru/vacancy/35447769?query=python,,,,,Новосибирск,https://hh.ru
Стажер-разработчик Python,https://hh.ru/vacancy/36271331?query=python,,,,,Ярославль,https://hh.ru
Senior Python Developer,https://hh.ru/vacancy/35447797?query=python,,,,,Белгород,https://hh.ru
Python-разработчик,https://hh.ru/vacancy/38086002?query=python,,,,,Екатеринбург,https://hh.ru
"Python Developer (ETL/ELT, DaaS)",https://hh.ru/vacancy/37835792?query=python,,,,,Москва,https://hh.ru
CG программист (Python/C++),https://hh.ru/vacancy/26680990?query=python,,,,,Москва,https://hh.ru
Программист Python,https://hh.ru/vacancy/33103667?query=python,"['30', '000', '90', '000', 'руб.']",30000,90000,руб.,Чебоксары,https://hh.ru
Python/Go Developer,https://hh.ru/vacancy/37748487?query=python,,,,,Москва,https://hh.ru
Python разработчик,https://hh.ru/vacancy/37955230?query=python,"['110', '000', '150', '000', 'руб.']",110000,150000,руб.,Нижний Новгород,https://hh.ru
Data Engineer Intern (Python),https://hh.ru/vacancy/38023472?query=python,,,,,Москва,https://hh.ru
Программист Python Developer,https://hh.ru/vacancy/37672059?query=python,,,,,Новосибирск,https://hh.ru
Python Developer,https://hh.ru/vacancy/38021631?query=python,,,,,Минск,https://hh.ru
Python/React.js разработчик,https://hh.ru/vacancy/38157520?query=python,"['120', '000', '180', '000', 'руб.']",120000,180000,руб.,Санкт-Петербург,https://hh.ru
Python / Go developer,https://hh.ru/vacancy/37446091?query=python,,,,,Москва,https://hh.ru
Python developer,https://hh.ru/vacancy/36297018?query=python,,,,,Москва,https://hh.ru
Backend Developer Python,https://hh.ru/vacancy/38051041?query=python,,,,,Москва,https://hh.ru
Python Django программист,https://hh.ru/vacancy/38165831?query=python,,,,,Екатеринбург,https://hh.ru
Senior python developer,https://hh.ru/vacancy/37583293?query=python,,,,,Москва,https://hh.ru
Ведущий программист python,https://hh.ru/vacancy/38093033?query=python,"['от', '35', '000', 'руб.']",35000,,руб.,Нижневартовск,https://hh.ru
Python Developer (KasperskyOS),https://hh.ru/vacancy/37293842?query=python,,,,,Москва,https://hh.ru
Senior Backend Engineer (Python),https://hh.ru/vacancy/37907166?query=python,,,,,Минск,https://hh.ru
Python-разработчик,https://hh.ru/vacancy/38043800?query=python,,,,,Киев,https://hh.ru
Python разработчик,https://hh.ru/vacancy/37732975?query=python,,,,,Екатеринбург,https://hh.ru
Python-разработчик,https://hh.ru/vacancy/38043797?query=python,,,,,Санкт-Петербург,https://hh.ru
Automation QA Engineer (Python),https://hh.ru/vacancy/35433069?query=python,,,,,Москва,https://hh.ru
Senior Software Engineer (Python),https://hh.ru/vacancy/37314011?query=python,,,,,Санкт-Петербург,https://hh.ru
Senior Python Developer,https://hh.ru/vacancy/35447747?query=python,,,,,Нижний Новгород,https://hh.ru
Программист Verilog / C / Python (проект FPGA HSM),https://hh.ru/vacancy/37989860?query=python,,,,,Москва,https://hh.ru
Senior Python Developer,https://hh.ru/vacancy/35447762?query=python,,,,,Екатеринбург,https://hh.ru
Python developer (backend),https://hh.ru/vacancy/38064239?query=python,,,,,Ростов-на-Дону,https://hh.ru
Python разработчик SberDevices,https://hh.ru/vacancy/38163477?query=python,,,,,Санкт-Петербург,https://hh.ru
Junior python разработчик (инженер),https://hh.ru/vacancy/38174832?query=python,,,,,Санкт-Петербург,https://hh.ru
Data Engineer / Python Developer,https://hh.ru/vacancy/38161319?query=python,"['150', '000', '200', '000', 'руб.']",150000,200000,руб.,Москва,https://hh.ru
Full-Stack Web-Developer (Python / Odoo),https://hh.ru/vacancy/34649894?query=python,"['100', '000', '200', '000', 'руб.']",100000,200000,руб.,Москва,https://hh.ru
"Junior Full-Stack Developer (PHP, Laravel, Symfony, Yii, Code Igniter, Zend, Python, Django)",https://hh.ru/vacancy/37645071?query=python,,,,,Минск,https://hh.ru
Преподаватель по предмету Machine Learning (машинное обучение на Python),https://hh.ru/vacancy/37883828?query=python,"['50', '000', '100', '000', 'руб.']",50000,100000,руб.,Москва,https://hh.ru
"GFN Software Engineer - Gaming (Python, C++)",https://hh.ru/vacancy/36922412?query=python,,,,,Москва,https://hh.ru
FullStack разработчик (Python),https://hh.ru/vacancy/38039104?query=python,"['120', '000', '180', '000', 'руб.']",120000,180000,руб.,Москва,https://hh.ru
Senior Web Engineer - Backend (Python/Django),https://hh.ru/vacancy/38164042?query=python,"['от', '4', '000', 'USD']",4000,,USD,Минск,https://hh.ru
Python разработчик,https://hh.ru/vacancy/38053671?query=python,,,,,Москва,https://hh.ru
Frontend - разработчик на Python,https://hh.ru/vacancy/37990843?query=python,"['от', '80', '000', 'руб.']",80000,,руб.,Екатеринбург,https://hh.ru
Middle / Senior Python разработчик,https://hh.ru/vacancy/37765730?query=python,,,,,Москва,https://hh.ru
Python/Django разработчик (Middle),https://hh.ru/vacancy/38154487?query=python,,,,,Москва,https://hh.ru
QA Automation Engineer (Python),https://hh.ru/vacancy/37988194?query=python,,,,,Москва,https://hh.ru
Программист Python,https://hh.ru/vacancy/37317309?query=python,"['60', '000', '90', '000', 'руб.']",60000,90000,руб.,Челябинск,https://hh.ru
Python-разработчик,https://hh.ru/vacancy/38043796?query=python,,,,,Алматы,https://hh.ru
Python-разработчик,https://hh.ru/vacancy/38043798?query=python,,,,,Казань,https://hh.ru
Python разработчик,https://hh.ru/vacancy/37283250?query=python,,,,,Ярославль,https://hh.ru
Python developer (Data Engineer),https://hh.ru/vacancy/33647219?query=python,,,,,Москва,https://hh.ru
Python разработчик,https://hh.ru/vacancy/38048375?query=python,,,,,Санкт-Петербург,https://hh.ru
Senior Data Scientist,https://superjob.ru/vakansii/senior-data-scientist-34036606.html,,,,,Москва,https://superjob.ru
Senior Big Data DevOps Engineer,https://superjob.ru/vakansii/senior-big-data-devops-engineer-34036862.html,,,,,Москва,https://superjob.ru
Ключевой разработчик Tableau,https://superjob.ru/vakansii/klyuchevoj-razrabotchik-tableau-34043498.html,,,,,Москва,https://superjob.ru
Senior Big Data Engineer,https://superjob.ru/vakansii/senior-big-data-engineer-34043816.html,,,,,Москва,https://superjob.ru
Lead Big Data Software Engineer for Content Platform,https://superjob.ru/vakansii/lead-big-data-software-engineer-for-content-platform-34043114.html,,,,,Москва,https://superjob.ru
Senior Engineer Cyber Security,https://superjob.ru/vakansii/senior-engineer-cyber-security-34036661.html,,,,,Москва,https://superjob.ru
Ведущий специалист по данным,https://superjob.ru/vakansii/veduschij-specialist-po-dannym-34040209.html,,,,,Москва,https://superjob.ru
Ведущий BigData инженер,https://superjob.ru/vakansii/veduschij-bigdata-inzhener-34040108.html,,,,,Москва,https://superjob.ru
QA engineer hadoop,https://superjob.ru/vakansii/qa-engineer-hadoop-34161103.html,,,,,Москва,https://superjob.ru
Специалист по автоматизированному тестированию,https://superjob.ru/vakansii/specialist-po-avtomatizirovannomu-testirovaniyu-34160791.html,,,,,Москва,https://superjob.ru
Frontend разработчик,https://superjob.ru/vakansii/frontend-razrabotchik-34102173.html,,,,,Москва,https://superjob.ru
Продуктовый аналитик,https://superjob.ru/vakansii/produktovyj-analitik-34114586.html,,,,,Москва,https://superjob.ru
Облачный инженер / Инженер систем хранения данных,https://superjob.ru/vakansii/oblachnyj-inzhener-33840080.html,"['от', '150', '000', 'руб.']",150000,,руб.,Москва,https://superjob.ru
